{"cameraMode":{"drawMode":0,"name":"Shaded","section":"Shading Mode"},"sceneLighting":false,"audioPlay":false,"sceneViewState":{"showFog":true,"showMaterialUpdate":false,"showSkybox":true,"showFlares":true,"showImageEffects":true,"showParticleSystems":true},"in2DMode":false,"pivot":{"x":4.5915207862854,"y":-0.6433927416801453,"z":-0.908790111541748},"rotation":{"x":-0.0235670767724514,"y":0.9049525260925293,"z":-0.05055784806609154,"w":-0.4218406081199646},"size":4.745084285736084,"orthographic":false}