{"cameraMode":{"drawMode":0,"name":"Shaded","section":"Shading Mode"},"sceneLighting":true,"audioPlay":false,"sceneViewState":{"showFog":true,"showMaterialUpdate":false,"showSkybox":true,"showFlares":true,"showImageEffects":true,"showParticleSystems":true},"in2DMode":false,"pivot":{"x":335.34466552734377,"y":14.653355598449707,"z":223.35386657714845},"rotation":{"x":0.08265208452939987,"y":0.8399626016616821,"z":-0.1336662769317627,"w":0.5193889737129211},"size":7.307584285736084,"orthographic":false}